OrderID,ProductID,Quantity,SalesAmount,UnitPrice
10248,11,12,$168,$14
10248,42,10,$98,$9.8
10248,72,5,$174,$34.8
10249,14,9,$167.4,$18.6
10249,51,40,$1696,$42.4
10250,41,10,$77,$7.7
10250,51,35,$1484,$42.4
10250,65,15,$252,$16.8
10251,22,6,$100.8,$16.8
10251,57,15,$234,$15.6
10251,65,20,$336,$16.8
10252,20,40,$2592,$64.8
10252,33,25,$50,$2
10252,60,40,$1088,$27.2
10253,31,20,$200,$10
10253,39,42,$604.8,$14.4
10253,49,40,$640,$16
10254,24,15,$54,$3.6
10254,55,21,$403.2,$19.2
10254,74,21,$168,$8
10255,2,20,$304,$15.2
10255,16,35,$486.5,$13.9
10255,36,25,$380,$15.2
10255,59,30,$1320,$44
10256,53,15,$393,$26.2
10256,77,12,$124.8,$10.4
10257,27,25,$877.5,$35.1
10257,39,6,$86.4,$14.4
10257,77,15,$156,$10.4
10258,2,50,$760,$15.2
10258,5,65,$1105,$17
10258,32,6,$153.6,$25.6
10259,21,10,$80,$8
10259,37,1,$20.8,$20.8
10260,41,16,$123.2,$7.7
10260,57,50,$780,$15.6
10260,62,15,$591,$39.4
10260,70,21,$252,$12
10261,21,20,$160,$8
10261,35,20,$288,$14.4
10262,5,12,$204,$17
10262,7,15,$360,$24
10262,56,2,$60.8,$30.4
10263,16,60,$834,$13.9
10263,24,28,$100.8,$3.6
10263,30,60,$1242,$20.7
10263,74,36,$288,$8
10264,2,35,$532,$15.2
10264,41,25,$192.5,$7.7
10265,17,30,$936,$31.2
10265,70,20,$240,$12
10266,12,12,$364.8,$30.4
10267,40,50,$735,$14.7
10267,59,70,$3080,$44
10267,76,15,$216,$14.4
10268,29,10,$990,$99
10268,72,4,$111.2,$27.8
10269,33,60,$120,$2
10269,72,20,$556,$27.8
10270,36,30,$456,$15.2
10270,43,25,$920,$36.8
10271,33,24,$48,$2
10272,20,6,$388.8,$64.8
10272,31,40,$400,$10
10272,72,24,$667.2,$27.8
10273,10,24,$595.2,$24.8
10273,31,15,$150,$10
10273,33,20,$40,$2
10273,40,60,$882,$14.7
10273,76,33,$475.2,$14.4
10274,71,20,$344,$17.2
10274,72,7,$194.6,$27.8
10275,24,12,$43.2,$3.6
10275,59,6,$264,$44
10276,10,15,$372,$24.8
10276,13,10,$48,$4.8
10277,28,20,$728,$36.4
10277,62,12,$472.8,$39.4
10278,44,16,$248,$15.5
10278,59,15,$660,$44
10278,63,8,$280.8,$35.1
10278,73,25,$300,$12
10279,17,15,$468,$31.2
10280,24,12,$43.2,$3.6
10280,55,20,$384,$19.2
10280,75,30,$186,$6.2
10281,19,1,$7.3,$7.3
10281,24,6,$21.6,$3.6
10281,35,4,$57.6,$14.4
10282,30,6,$124.2,$20.7
10282,57,2,$31.2,$15.6
10283,15,20,$248,$12.4
10283,19,18,$131.4,$7.3
10283,60,35,$952,$27.2
10283,72,3,$83.4,$27.8
10284,27,15,$526.5,$35.1
10284,44,21,$325.5,$15.5
10284,60,20,$544,$27.2
10284,67,5,$56,$11.2
10285,1,45,$648,$14.4
10285,40,40,$588,$14.7
10285,53,36,$943.2,$26.2
10286,35,100,$1440,$14.4
10286,62,40,$1576,$39.4
10287,16,40,$556,$13.9
10287,34,20,$224,$11.2
10287,46,15,$144,$9.6
10288,54,10,$59,$5.9
10288,68,3,$30,$10
10289,3,30,$240,$8
10289,64,9,$239.4,$26.6
10290,5,20,$340,$17
10290,29,15,$1485,$99
10290,49,15,$240,$16
10290,77,10,$104,$10.4
10291,13,20,$96,$4.8
10291,44,24,$372,$15.5
10291,51,2,$84.8,$42.4
10292,20,20,$1296,$64.8
10293,18,12,$600,$50
10293,24,10,$36,$3.6
10293,63,5,$175.5,$35.1
10293,75,6,$37.2,$6.2
10294,1,18,$259.2,$14.4
10294,17,15,$468,$31.2
10294,43,15,$552,$36.8
10294,60,21,$571.2,$27.2
10294,75,6,$37.2,$6.2
10295,56,4,$121.6,$30.4
10296,11,12,$201.6,$16.8
10296,16,30,$417,$13.9
10296,69,15,$432,$28.8
10297,39,60,$864,$14.4
10297,72,20,$556,$27.8
10298,2,40,$608,$15.2
10298,36,40,$608,$15.2
10298,59,30,$1320,$44
10298,62,15,$591,$39.4
10299,19,15,$109.5,$7.3
10299,70,20,$240,$12
10300,66,30,$408,$13.6
10300,68,20,$200,$10
10301,40,10,$147,$14.7
10301,56,20,$608,$30.4
10302,17,40,$1248,$31.2
10302,28,28,$1019.2,$36.4
10302,43,12,$441.6,$36.8
10303,40,40,$588,$14.7
10303,65,30,$504,$16.8
10303,68,15,$150,$10
10304,49,30,$480,$16
10304,59,10,$440,$44
10304,71,2,$34.4,$17.2
10305,18,25,$1250,$50
10305,29,25,$2475,$99
10305,39,30,$432,$14.4
10306,30,10,$207,$20.7
10306,53,10,$262,$26.2
10306,54,5,$29.5,$5.9
10307,62,10,$394,$39.4
10307,68,3,$30,$10
10308,69,1,$28.8,$28.8
10308,70,5,$60,$12
10309,4,20,$352,$17.6
10309,6,30,$600,$20
10309,42,2,$22.4,$11.2
10309,43,20,$736,$36.8
10309,71,3,$51.6,$17.2
10310,16,10,$139,$13.9
10310,62,5,$197,$39.4
10311,42,6,$67.2,$11.2
10311,69,7,$201.6,$28.8
10312,28,4,$145.6,$36.4
10312,43,24,$883.2,$36.8
10312,53,20,$524,$26.2
10312,75,10,$62,$6.2
10313,36,12,$182.4,$15.2
10314,32,40,$1024,$25.6
10314,58,30,$318,$10.6
10314,62,25,$985,$39.4
10315,34,14,$156.8,$11.2
10315,70,30,$360,$12
10316,41,10,$77,$7.7
10316,62,70,$2758,$39.4
10317,1,20,$288,$14.4
10318,41,20,$154,$7.7
10318,76,6,$86.4,$14.4
10319,17,8,$249.6,$31.2
10319,28,14,$509.6,$36.4
10319,76,30,$432,$14.4
10320,71,30,$516,$17.2
10321,35,10,$144,$14.4
10322,52,20,$112,$5.6
10323,15,5,$62,$12.4
10323,25,4,$44.8,$11.2
10323,39,4,$57.6,$14.4
10324,16,21,$291.9,$13.9
10324,35,70,$1008,$14.4
10324,46,30,$288,$9.6
10324,59,40,$1760,$44
10324,63,80,$2808,$35.1
10325,6,6,$120,$20
10325,13,12,$57.6,$4.8
10325,14,9,$167.4,$18.6
10325,31,4,$40,$10
10325,72,40,$1112,$27.8
10326,4,24,$422.4,$17.6
10326,57,16,$249.6,$15.6
10326,75,50,$310,$6.2
10327,2,25,$380,$15.2
10327,11,50,$840,$16.8
10327,30,35,$724.5,$20.7
10327,58,30,$318,$10.6
10328,59,9,$396,$44
10328,65,40,$672,$16.8
10328,68,10,$100,$10
10329,19,10,$73,$7.3
10329,30,8,$165.6,$20.7
10329,38,20,$4216,$210.8
10329,56,12,$364.8,$30.4
10330,26,50,$1245,$24.9
10330,72,25,$695,$27.8
10331,54,15,$88.5,$5.9
10332,18,40,$2000,$50
10332,42,10,$112,$11.2
10332,47,16,$121.6,$7.6
10333,14,10,$186,$18.6
10333,21,10,$80,$8
10333,71,40,$688,$17.2
10334,52,8,$44.8,$5.6
10334,68,10,$100,$10
10335,2,7,$106.4,$15.2
10335,31,25,$250,$10
10335,32,6,$153.6,$25.6
10335,51,48,$2035.2,$42.4
10336,4,18,$316.8,$17.6
10337,23,40,$288,$7.2
10337,26,24,$597.6,$24.9
10337,36,20,$304,$15.2
10337,37,28,$582.4,$20.8
10337,72,25,$695,$27.8
10338,17,20,$624,$31.2
10338,30,15,$310.5,$20.7
10339,4,10,$176,$17.6
10339,17,70,$2184,$31.2
10339,62,28,$1103.2,$39.4
10340,18,20,$1000,$50
10340,41,12,$92.4,$7.7
10340,43,40,$1472,$36.8
10341,33,8,$16,$2
10341,59,9,$396,$44
10342,2,24,$364.8,$15.2
10342,31,56,$560,$10
10342,36,40,$608,$15.2
10342,55,40,$768,$19.2
10343,64,50,$1330,$26.6
10343,68,4,$40,$10
10343,76,15,$216,$14.4
10344,4,35,$616,$17.6
10344,8,70,$2240,$32
10345,8,70,$2240,$32
10345,19,80,$584,$7.3
10345,42,9,$100.8,$11.2
10346,17,36,$1123.2,$31.2
10346,56,20,$608,$30.4
10347,25,10,$112,$11.2
10347,39,50,$720,$14.4
10347,40,4,$58.8,$14.7
10347,75,6,$37.2,$6.2
10348,1,15,$216,$14.4
10348,23,25,$180,$7.2
10349,54,24,$141.6,$5.9
10350,50,15,$195,$13
10350,69,18,$518.4,$28.8
10351,38,20,$4216,$210.8
10351,41,13,$100.1,$7.7
10351,44,77,$1193.5,$15.5
10351,65,10,$168,$16.8
10352,24,10,$36,$3.6
10352,54,20,$118,$5.9
10353,11,12,$201.6,$16.8
10353,38,50,$10540,$210.8
10354,1,12,$172.8,$14.4
10354,29,4,$396,$99
10355,24,25,$90,$3.6
10355,57,25,$390,$15.6
10356,31,30,$300,$10
10356,55,12,$230.4,$19.2
10356,69,20,$576,$28.8
10357,10,30,$744,$24.8
10357,26,16,$398.4,$24.9
10357,60,8,$217.6,$27.2
10358,24,10,$36,$3.6
10358,34,10,$112,$11.2
10358,36,20,$304,$15.2
10359,16,56,$778.4,$13.9
10359,31,70,$700,$10
10359,60,80,$2176,$27.2
10360,28,30,$1092,$36.4
10360,29,35,$3465,$99
10360,38,10,$2108,$210.8
10360,49,35,$560,$16
10360,54,28,$165.2,$5.9
10361,39,54,$777.6,$14.4
10361,60,55,$1496,$27.2
10362,25,50,$560,$11.2
10362,51,20,$848,$42.4
10362,54,24,$141.6,$5.9
10363,31,20,$200,$10
10363,75,12,$74.4,$6.2
10363,76,12,$172.8,$14.4
10364,69,30,$864,$28.8
10364,71,5,$86,$17.2
10365,11,24,$403.2,$16.8
10366,65,5,$84,$16.8
10366,77,5,$52,$10.4
10367,34,36,$403.2,$11.2
10367,54,18,$106.2,$5.9
10367,65,15,$252,$16.8
10367,77,7,$72.8,$10.4
10368,21,5,$40,$8
10368,28,13,$473.2,$36.4
10368,57,25,$390,$15.6
10368,64,35,$931,$26.6
10369,29,20,$1980,$99
10369,56,18,$547.2,$30.4
10370,1,15,$216,$14.4
10370,64,30,$798,$26.6
10370,74,20,$160,$8
10371,36,6,$91.2,$15.2
10372,20,12,$777.6,$64.8
10372,38,40,$8432,$210.8
10372,60,70,$1904,$27.2
10372,72,42,$1167.6,$27.8
10373,58,80,$848,$10.6
10373,71,50,$860,$17.2
10374,31,30,$300,$10
10374,58,15,$159,$10.6
10375,14,15,$279,$18.6
10375,54,10,$59,$5.9
10376,31,42,$420,$10
10377,28,20,$728,$36.4
10377,39,20,$288,$14.4
10378,71,6,$103.2,$17.2
10379,41,8,$61.6,$7.7
10379,63,16,$561.6,$35.1
10379,65,20,$336,$16.8
10380,30,18,$372.6,$20.7
10380,53,20,$524,$26.2
10380,60,6,$163.2,$27.2
10380,70,30,$360,$12
10381,74,14,$112,$8
10382,5,32,$544,$17
10382,18,9,$450,$50
10382,29,14,$1386,$99
10382,33,60,$120,$2
10382,74,50,$400,$8
10383,13,20,$96,$4.8
10383,50,15,$195,$13
10383,56,20,$608,$30.4
10384,20,28,$1814.4,$64.8
10384,60,15,$408,$27.2
10385,7,10,$240,$24
10385,60,20,$544,$27.2
10385,68,8,$80,$10
10386,24,15,$54,$3.6
10386,34,10,$112,$11.2
10387,24,15,$54,$3.6
10387,28,6,$218.4,$36.4
10387,59,12,$528,$44
10387,71,15,$258,$17.2
10388,45,15,$114,$7.6
10388,52,20,$112,$5.6
10388,53,40,$1048,$26.2
10389,10,16,$396.8,$24.8
10389,55,15,$288,$19.2
10389,62,20,$788,$39.4
10389,70,30,$360,$12
10390,31,60,$600,$10
10390,35,40,$576,$14.4
10390,46,45,$432,$9.6
10390,72,24,$667.2,$27.8
10391,13,18,$86.4,$4.8
10392,69,50,$1440,$28.8
10393,2,25,$380,$15.2
10393,14,42,$781.2,$18.6
10393,25,7,$78.4,$11.2
10393,26,70,$1743,$24.9
10393,31,32,$320,$10
10394,13,10,$48,$4.8
10394,62,10,$394,$39.4
10395,46,28,$268.8,$9.6
10395,53,70,$1834,$26.2
10395,69,8,$230.4,$28.8
10396,23,40,$288,$7.2
10396,71,60,$1032,$17.2
10396,72,21,$583.8,$27.8
10397,21,10,$80,$8
10397,51,18,$763.2,$42.4
10398,35,30,$432,$14.4
10398,55,120,$2304,$19.2
10399,68,60,$600,$10
10399,71,30,$516,$17.2
10399,76,35,$504,$14.4
10399,77,14,$145.6,$10.4
10400,29,21,$2079,$99
10400,35,35,$504,$14.4
10400,49,30,$480,$16
10401,30,18,$372.6,$20.7
10401,56,70,$2128,$30.4
10401,65,20,$336,$16.8
10401,71,60,$1032,$17.2
10402,23,60,$432,$7.2
10402,63,65,$2281.5,$35.1
10403,16,21,$291.9,$13.9
10403,48,70,$714,$10.2
10404,26,30,$747,$24.9
10404,42,40,$448,$11.2
10404,49,30,$480,$16
10405,3,50,$400,$8
10406,1,10,$144,$14.4
10406,21,30,$240,$8
10406,28,42,$1528.8,$36.4
10406,36,5,$76,$15.2
10406,40,2,$29.4,$14.7
10407,11,30,$504,$16.8
10407,69,15,$432,$28.8
10407,71,15,$258,$17.2
10408,37,10,$208,$20.8
10408,54,6,$35.4,$5.9
10408,62,35,$1379,$39.4
10409,14,12,$223.2,$18.6
10409,21,12,$96,$8
10410,33,49,$98,$2
10410,59,16,$704,$44
10411,41,25,$192.5,$7.7
10411,44,40,$620,$15.5
10411,59,9,$396,$44
10412,14,20,$372,$18.6
10413,1,24,$345.6,$14.4
10413,62,40,$1576,$39.4
10413,76,14,$201.6,$14.4
10414,19,18,$131.4,$7.3
10414,33,50,$100,$2
10415,17,2,$62.4,$31.2
10415,33,20,$40,$2
10416,19,20,$146,$7.3
10416,53,10,$262,$26.2
10416,57,20,$312,$15.6
10417,38,50,$10540,$210.8
10417,46,2,$19.2,$9.6
10417,68,36,$360,$10
10417,77,35,$364,$10.4
10418,2,60,$912,$15.2
10418,47,55,$418,$7.6
10418,61,16,$364.8,$22.8
10418,74,15,$120,$8
10419,60,60,$1632,$27.2
10419,69,20,$576,$28.8
10420,9,20,$1552,$77.6
10420,13,2,$9.6,$4.8
10420,70,8,$96,$12
10420,73,20,$240,$12
10421,19,4,$29.2,$7.3
10421,26,30,$747,$24.9
10421,53,15,$393,$26.2
10421,77,10,$104,$10.4
10422,26,2,$49.8,$24.9
10423,31,14,$140,$10
10423,59,20,$880,$44
10424,35,60,$864,$14.4
10424,38,49,$10329.2,$210.8
10424,68,30,$300,$10
10425,55,10,$192,$19.2
10425,76,20,$288,$14.4
10426,56,5,$152,$30.4
10426,64,7,$186.2,$26.6
10427,14,35,$651,$18.6
10428,46,20,$192,$9.6
10429,50,40,$520,$13
10429,63,35,$1228.5,$35.1
10430,17,45,$1404,$31.2
10430,21,50,$400,$8
10430,56,30,$912,$30.4
10430,59,70,$3080,$44
10431,17,50,$1560,$31.2
10431,40,50,$735,$14.7
10431,47,30,$228,$7.6
10432,26,10,$249,$24.9
10432,54,40,$236,$5.9
10433,56,28,$851.2,$30.4
10434,11,6,$100.8,$16.8
10434,76,18,$259.2,$14.4
10435,2,10,$152,$15.2
10435,22,12,$201.6,$16.8
10435,72,10,$278,$27.8
10436,46,5,$48,$9.6
10436,56,40,$1216,$30.4
10436,64,30,$798,$26.6
10436,75,24,$148.8,$6.2
10437,53,15,$393,$26.2
10438,19,15,$109.5,$7.3
10438,34,20,$224,$11.2
10438,57,15,$234,$15.6
10439,12,15,$456,$30.4
10439,16,16,$222.4,$13.9
10439,64,6,$159.6,$26.6
10439,74,30,$240,$8
10440,2,45,$684,$15.2
10440,16,49,$681.1,$13.9
10440,29,24,$2376,$99
10440,61,90,$2052,$22.8
10441,27,50,$1755,$35.1
10442,11,30,$504,$16.8
10442,54,80,$472,$5.9
10442,66,60,$816,$13.6
10443,11,6,$100.8,$16.8
10443,28,12,$436.8,$36.4
10444,17,10,$312,$31.2
10444,26,15,$373.5,$24.9
10444,35,8,$115.2,$14.4
10444,41,30,$231,$7.7
10445,39,6,$86.4,$14.4
10445,54,15,$88.5,$5.9
10446,19,12,$87.6,$7.3
10446,24,20,$72,$3.6
10446,31,3,$30,$10
10446,52,15,$84,$5.6
10447,19,40,$292,$7.3
10447,65,35,$588,$16.8
10447,71,2,$34.4,$17.2
10448,26,6,$149.4,$24.9
10448,40,20,$294,$14.7
10449,10,14,$347.2,$24.8
10449,52,20,$112,$5.6
10449,62,35,$1379,$39.4
10450,10,20,$496,$24.8
10450,54,6,$35.4,$5.9
10451,55,120,$2304,$19.2
10451,64,35,$931,$26.6
10451,65,28,$470.4,$16.8
10451,77,55,$572,$10.4
10452,28,15,$546,$36.4
10452,44,100,$1550,$15.5
10453,48,15,$153,$10.2
10453,70,25,$300,$12
10454,16,20,$278,$13.9
10454,33,20,$40,$2
10454,46,10,$96,$9.6
10455,39,20,$288,$14.4
10455,53,50,$1310,$26.2
10455,61,25,$570,$22.8
10455,71,30,$516,$17.2
10456,21,40,$320,$8
10456,49,21,$336,$16
10457,59,36,$1584,$44
10458,26,30,$747,$24.9
10458,28,30,$1092,$36.4
10458,43,20,$736,$36.8
10458,56,15,$456,$30.4
10458,71,50,$860,$17.2
10459,7,16,$384,$24
10459,46,20,$192,$9.6
10459,72,40,$1112,$27.8
10460,68,21,$210,$10
10460,75,4,$24.8,$6.2
10461,21,40,$320,$8
10461,30,28,$579.6,$20.7
10461,55,60,$1152,$19.2
10462,13,1,$4.8,$4.8
10462,23,21,$151.2,$7.2
10463,19,21,$153.3,$7.3
10463,42,50,$560,$11.2
10464,4,16,$281.6,$17.6
10464,43,3,$110.4,$36.8
10464,56,30,$912,$30.4
10464,60,20,$544,$27.2
10465,24,25,$90,$3.6
10465,29,18,$1782,$99
10465,40,20,$294,$14.7
10465,45,30,$228,$7.6
10465,50,25,$325,$13
10466,11,10,$168,$16.8
10466,46,5,$48,$9.6
10467,24,28,$100.8,$3.6
10467,25,12,$134.4,$11.2
10468,30,8,$165.6,$20.7
10468,43,15,$552,$36.8
10469,2,40,$608,$15.2
10469,16,35,$486.5,$13.9
10469,44,2,$31,$15.5
10470,18,30,$1500,$50
10470,23,15,$108,$7.2
10470,64,8,$212.8,$26.6
10471,7,30,$720,$24
10471,56,20,$608,$30.4
10472,24,80,$288,$3.6
10472,51,18,$763.2,$42.4
10473,33,12,$24,$2
10473,71,12,$206.4,$17.2
10474,14,12,$223.2,$18.6
10474,28,18,$655.2,$36.4
10474,40,21,$308.7,$14.7
10474,75,10,$62,$6.2
10475,31,35,$350,$10
10475,66,60,$816,$13.6
10475,76,42,$604.8,$14.4
10476,55,2,$38.4,$19.2
10476,70,12,$144,$12
10477,1,15,$216,$14.4
10477,21,21,$168,$8
10477,39,20,$288,$14.4
10478,10,20,$496,$24.8
10479,38,30,$6324,$210.8
10479,53,28,$733.6,$26.2
10479,59,60,$2640,$44
10479,64,30,$798,$26.6
10480,47,30,$228,$7.6
10480,59,12,$528,$44
10481,49,24,$384,$16
10481,60,40,$1088,$27.2
10482,40,10,$147,$14.7
10483,34,35,$392,$11.2
10483,77,30,$312,$10.4
10484,21,14,$112,$8
10484,40,10,$147,$14.7
10484,51,3,$127.2,$42.4
10485,2,20,$304,$15.2
10485,3,20,$160,$8
10485,55,30,$576,$19.2
10485,70,60,$720,$12
10486,11,5,$84,$16.8
10486,51,25,$1060,$42.4
10486,74,16,$128,$8
10487,19,5,$36.5,$7.3
10487,26,30,$747,$24.9
10487,54,24,$141.6,$5.9
10488,59,30,$1320,$44
10488,73,20,$240,$12
10489,11,15,$252,$16.8
10489,16,18,$250.2,$13.9
10490,59,60,$2640,$44
10490,68,30,$300,$10
10490,75,36,$223.2,$6.2
10491,44,15,$232.5,$15.5
10491,77,7,$72.8,$10.4
10492,25,60,$672,$11.2
10492,42,20,$224,$11.2
10493,65,15,$252,$16.8
10493,66,10,$136,$13.6
10493,69,10,$288,$28.8
10494,56,30,$912,$30.4
10495,23,10,$72,$7.2
10495,41,20,$154,$7.7
10495,77,5,$52,$10.4
10496,31,20,$200,$10
10497,56,14,$425.6,$30.4
10497,72,25,$695,$27.8
10497,77,25,$260,$10.4
10498,24,14,$63,$4.5
10498,40,5,$92,$18.4
10498,42,30,$420,$14
10499,28,20,$912,$45.6
10499,49,25,$500,$20
10500,15,12,$186,$15.5
10500,28,8,$364.8,$45.6
10501,54,20,$149,$7.45
10502,45,21,$199.5,$9.5
10502,53,6,$196.8,$32.8
10502,67,30,$420,$14
10503,14,70,$1627.5,$23.25
10503,65,20,$421,$21.05
10504,2,12,$228,$19
10504,21,12,$120,$10
10504,53,10,$328,$32.8
10504,61,25,$712.5,$28.5
10505,62,3,$147.9,$49.3
10506,25,18,$252,$14
10506,70,14,$210,$15
10507,43,15,$690,$46
10507,48,15,$191.25,$12.75
10508,13,10,$60,$6
10508,39,10,$180,$18
10509,28,3,$136.8,$45.6
10510,29,36,$4456.44,$123.79
10510,75,36,$279,$7.75
10511,4,50,$1100,$22
10511,7,50,$1500,$30
10511,8,10,$400,$40
10512,24,10,$45,$4.5
10512,46,9,$108,$12
10512,47,6,$57,$9.5
10512,60,12,$408,$34
10513,21,40,$400,$10
10513,32,50,$1600,$32
10513,61,15,$427.5,$28.5
10514,20,39,$3159,$81
10514,28,35,$1596,$45.6
10514,56,70,$2660,$38
10514,65,39,$820.95,$21.05
10514,75,50,$387.5,$7.75
10515,9,16,$1552,$97
10515,16,50,$872.5,$17.45
10515,27,120,$5268,$43.9
10515,33,16,$40,$2.5
10515,60,84,$2856,$34
10516,18,25,$1562.5,$62.5
10516,41,80,$772,$9.65
10516,42,20,$280,$14
10517,52,6,$42,$7
10517,59,4,$220,$55
10517,70,6,$90,$15
10518,24,5,$22.5,$4.5
10518,38,15,$3952.5,$263.5
10518,44,9,$175.05,$19.45
10519,10,16,$496,$31
10519,56,40,$1520,$38
10519,60,10,$340,$34
10520,24,8,$36,$4.5
10520,53,5,$164,$32.8
10521,35,3,$54,$18
10521,41,10,$96.5,$9.65
10521,68,6,$75,$12.5
10522,1,40,$720,$18
10522,8,24,$960,$40
10522,30,20,$517.8,$25.89
10522,40,25,$460,$18.4
10523,17,25,$975,$39
10523,20,15,$1215,$81
10523,37,18,$468,$26
10523,41,6,$57.9,$9.65
10524,10,2,$62,$31
10524,30,10,$258.9,$25.89
10524,43,60,$2760,$46
10524,54,15,$111.75,$7.45
10525,36,30,$570,$19
10525,40,15,$276,$18.4
10526,1,8,$144,$18
10526,13,10,$60,$6
10526,56,30,$1140,$38
10527,4,50,$1100,$22
10527,36,30,$570,$19
10528,11,3,$63,$21
10528,33,8,$20,$2.5
10528,72,9,$313.2,$34.8
10529,55,14,$336,$24
10529,68,20,$250,$12.5
10529,69,10,$360,$36
10530,17,40,$1560,$39
10530,43,25,$1150,$46
10530,61,20,$570,$28.5
10530,76,50,$900,$18
10531,59,2,$110,$55
10532,30,15,$388.35,$25.89
10532,66,24,$408,$17
10533,4,50,$1100,$22
10533,72,24,$835.2,$34.8
10533,73,24,$360,$15
10534,30,10,$258.9,$25.89
10534,40,10,$184,$18.4
10534,54,10,$74.5,$7.45
10535,11,50,$1050,$21
10535,40,10,$184,$18.4
10535,57,5,$97.5,$19.5
10535,59,15,$825,$55
10536,12,15,$570,$38
10536,31,20,$250,$12.5
10536,33,30,$75,$2.5
10536,60,35,$1190,$34
10537,31,30,$375,$12.5
10537,51,6,$318,$53
10537,58,20,$265,$13.25
10537,72,21,$730.8,$34.8
10537,73,9,$135,$15
10538,70,7,$105,$15
10538,72,1,$34.8,$34.8
10539,13,8,$48,$6
10539,21,15,$150,$10
10539,33,15,$37.5,$2.5
10539,49,6,$120,$20
10540,3,60,$600,$10
10540,26,40,$1249.2,$31.23
10540,38,30,$7905,$263.5
10540,68,35,$437.5,$12.5
10541,24,35,$157.5,$4.5
10541,38,4,$1054,$263.5
10541,65,36,$757.8,$21.05
10541,71,9,$193.5,$21.5
10542,11,15,$315,$21
10542,54,24,$178.8,$7.45
10543,12,30,$1140,$38
10543,23,70,$630,$9
10544,28,7,$319.2,$45.6
10544,67,7,$98,$14
10545,11,10,$210,$21
10546,7,10,$300,$30
10546,35,30,$540,$18
10546,62,40,$1972,$49.3
10547,32,24,$768,$32
10547,36,60,$1140,$19
10548,34,10,$140,$14
10548,41,14,$135.1,$9.65
10549,31,55,$687.5,$12.5
10549,45,100,$950,$9.5
10549,51,48,$2544,$53
10550,17,8,$312,$39
10550,19,10,$92,$9.2
10550,21,6,$60,$10
10550,61,10,$285,$28.5
10551,16,40,$698,$17.45
10551,35,20,$360,$18
10551,44,40,$778,$19.45
10552,69,18,$648,$36
10552,75,30,$232.5,$7.75
10553,11,15,$315,$21
10553,16,14,$244.3,$17.45
10553,22,24,$504,$21
10553,31,30,$375,$12.5
10553,35,6,$108,$18
10554,16,30,$523.5,$17.45
10554,23,20,$180,$9
10554,62,20,$986,$49.3
10554,77,10,$130,$13
10555,14,30,$697.5,$23.25
10555,19,35,$322,$9.2
10555,24,18,$81,$4.5
10555,51,20,$1060,$53
10555,56,40,$1520,$38
10556,72,24,$835.2,$34.8
10557,64,30,$997.5,$33.25
10557,75,20,$155,$7.75
10558,47,25,$237.5,$9.5
10558,51,20,$1060,$53
10558,52,30,$210,$7
10558,53,18,$590.4,$32.8
10558,73,3,$45,$15
10559,41,12,$115.8,$9.65
10559,55,18,$432,$24
10560,30,20,$517.8,$25.89
10560,62,15,$739.5,$49.3
10561,44,10,$194.5,$19.45
10561,51,50,$2650,$53
10562,33,20,$50,$2.5
10562,62,10,$493,$49.3
10563,36,25,$475,$19
10563,52,70,$490,$7
10564,17,16,$624,$39
10564,31,6,$75,$12.5
10564,55,25,$600,$24
10565,24,25,$112.5,$4.5
10565,64,18,$598.5,$33.25
10566,11,35,$735,$21
10566,18,18,$1125,$62.5
10566,76,10,$180,$18
10567,31,60,$750,$12.5
10567,51,3,$159,$53
10567,59,40,$2200,$55
10568,10,5,$155,$31
10569,31,35,$437.5,$12.5
10569,76,30,$540,$18
10570,11,15,$315,$21
10570,56,60,$2280,$38
10571,14,11,$255.75,$23.25
10571,42,28,$392,$14
10572,16,12,$209.4,$17.45
10572,32,10,$320,$32
10572,40,50,$920,$18.4
10572,75,15,$116.25,$7.75
10573,17,18,$702,$39
10573,34,40,$560,$14
10573,53,25,$820,$32.8
10574,33,14,$35,$2.5
10574,40,2,$36.8,$18.4
10574,62,10,$493,$49.3
10574,64,6,$199.5,$33.25
10575,59,12,$660,$55
10575,63,6,$263.4,$43.9
10575,72,30,$1044,$34.8
10575,76,10,$180,$18
10576,1,10,$180,$18
10576,31,20,$250,$12.5
10576,44,21,$408.45,$19.45
10577,39,10,$180,$18
10577,75,20,$155,$7.75
10577,77,18,$234,$13
10578,35,20,$360,$18
10578,57,6,$117,$19.5
10579,15,10,$155,$15.5
10579,75,21,$162.75,$7.75
10580,14,15,$348.75,$23.25
10580,41,9,$86.85,$9.65
10580,65,30,$631.5,$21.05
10581,75,50,$387.5,$7.75
10582,57,4,$78,$19.5
10582,76,14,$252,$18
10583,29,10,$1237.9,$123.79
10583,60,24,$816,$34
10583,69,10,$360,$36
10584,31,50,$625,$12.5
10585,47,15,$142.5,$9.5
10586,52,4,$28,$7
10587,26,6,$187.38,$31.23
10587,35,20,$360,$18
10587,77,20,$260,$13
10588,18,40,$2500,$62.5
10588,42,100,$1400,$14
10589,35,4,$72,$18
10590,1,20,$360,$18
10590,77,60,$780,$13
10591,3,14,$140,$10
10591,7,10,$300,$30
10591,54,50,$372.5,$7.45
10592,15,25,$387.5,$15.5
10592,26,5,$156.15,$31.23
10593,20,21,$1701,$81
10593,69,20,$720,$36
10593,76,4,$72,$18
10594,52,24,$168,$7
10594,58,30,$397.5,$13.25
10595,35,30,$540,$18
10595,61,120,$3420,$28.5
10595,69,65,$2340,$36
10596,56,5,$190,$38
10596,63,24,$1053.6,$43.9
10596,75,30,$232.5,$7.75
10597,24,35,$157.5,$4.5
10597,57,20,$390,$19.5
10597,65,12,$252.6,$21.05
10598,27,50,$2195,$43.9
10598,71,9,$193.5,$21.5
10599,62,10,$493,$49.3
10600,54,4,$29.8,$7.45
10600,73,30,$450,$15
10601,13,60,$360,$6
10601,59,35,$1925,$55
10602,77,5,$65,$13
10603,22,48,$1008,$21
10603,49,25,$500,$20
10604,48,6,$76.5,$12.75
10604,76,10,$180,$18
10605,16,30,$523.5,$17.45
10605,59,20,$1100,$55
10605,60,70,$2380,$34
10605,71,15,$322.5,$21.5
10606,4,20,$440,$22
10606,55,20,$480,$24
10606,62,10,$493,$49.3
10607,7,45,$1350,$30
10607,17,100,$3900,$39
10607,33,14,$35,$2.5
10607,40,42,$772.8,$18.4
10607,72,12,$417.6,$34.8
10608,56,28,$1064,$38
10609,1,3,$54,$18
10609,10,10,$310,$31
10609,21,6,$60,$10
10610,36,21,$399,$19
10611,1,6,$108,$18
10611,2,10,$190,$19
10611,60,15,$510,$34
10612,10,70,$2170,$31
10612,36,55,$1045,$19
10612,49,18,$360,$20
10612,60,40,$1360,$34
10612,76,80,$1440,$18
10613,13,8,$48,$6
10613,75,40,$310,$7.75
10614,11,14,$294,$21
10614,21,8,$80,$10
10614,39,5,$90,$18
10615,55,5,$120,$24
10616,38,15,$3952.5,$263.5
10616,56,14,$532,$38
10616,70,15,$225,$15
10616,71,15,$322.5,$21.5
10617,59,30,$1650,$55
10618,6,70,$1750,$25
10618,56,20,$760,$38
10618,68,15,$187.5,$12.5
10619,21,42,$420,$10
10619,22,40,$840,$21
10620,24,5,$22.5,$4.5
10620,52,5,$35,$7
10621,19,5,$46,$9.2
10621,23,10,$90,$9
10621,70,20,$300,$15
10621,71,15,$322.5,$21.5
10622,2,20,$380,$19
10622,68,18,$225,$12.5
10623,14,21,$488.25,$23.25
10623,19,15,$138,$9.2
10623,21,25,$250,$10
10623,24,3,$13.5,$4.5
10623,35,30,$540,$18
10624,28,10,$456,$45.6
10624,29,6,$742.74,$123.79
10624,44,10,$194.5,$19.45
10625,14,3,$69.75,$23.25
10625,42,5,$70,$14
10625,60,10,$340,$34
10626,53,12,$393.6,$32.8
10626,60,20,$680,$34
10626,71,20,$430,$21.5
10627,62,15,$739.5,$49.3
10627,73,35,$525,$15
10628,1,25,$450,$18
10629,29,20,$2475.8,$123.79
10629,64,9,$299.25,$33.25
10630,55,12,$288,$24
10630,76,35,$630,$18
10631,75,8,$62,$7.75
10632,2,30,$570,$19
10632,33,20,$50,$2.5
10633,12,36,$1368,$38
10633,13,13,$78,$6
10633,26,35,$1093.05,$31.23
10633,62,80,$3944,$49.3
10634,7,35,$1050,$30
10634,18,50,$3125,$62.5
10634,51,15,$795,$53
10634,75,2,$15.5,$7.75
10635,4,10,$220,$22
10635,5,15,$320.25,$21.35
10635,22,40,$840,$21
10636,4,25,$550,$22
10636,58,6,$79.5,$13.25
10637,11,10,$210,$21
10637,50,25,$406.25,$16.25
10637,56,60,$2280,$38
10638,45,20,$190,$9.5
10638,65,21,$442.05,$21.05
10638,72,60,$2088,$34.8
10639,18,8,$500,$62.5
10640,69,20,$720,$36
10640,70,15,$225,$15
10641,2,50,$950,$19
10641,40,60,$1104,$18.4
10642,21,30,$300,$10
10642,61,20,$570,$28.5
10643,28,15,$684,$45.6
10643,39,21,$378,$18
10643,46,2,$24,$12
10644,18,4,$250,$62.5
10644,43,20,$920,$46
10644,46,21,$252,$12
10645,18,20,$1250,$62.5
10645,36,15,$285,$19
10646,1,15,$270,$18
10646,10,18,$558,$31
10646,71,30,$645,$21.5
10646,77,35,$455,$13
10647,19,30,$276,$9.2
10647,39,20,$360,$18
10648,22,15,$315,$21
10648,24,15,$67.5,$4.5
10649,28,20,$912,$45.6
10649,72,15,$522,$34.8
10650,30,30,$776.7,$25.89
10650,53,25,$820,$32.8
10650,54,30,$223.5,$7.45
10651,19,12,$110.4,$9.2
10651,22,20,$420,$21
10652,30,2,$51.78,$25.89
10652,42,20,$280,$14
10653,16,30,$523.5,$17.45
10653,60,20,$680,$34
10654,4,12,$264,$22
10654,39,20,$360,$18
10654,54,6,$44.7,$7.45
10655,41,20,$193,$9.65
10656,14,3,$69.75,$23.25
10656,44,28,$544.6,$19.45
10656,47,6,$57,$9.5
10657,15,50,$775,$15.5
10657,41,24,$231.6,$9.65
10657,46,45,$540,$12
10657,47,10,$95,$9.5
10657,56,45,$1710,$38
10657,60,30,$1020,$34
10658,21,60,$600,$10
10658,40,70,$1288,$18.4
10658,60,55,$1870,$34
10658,77,70,$910,$13
10659,31,20,$250,$12.5
10659,40,24,$441.6,$18.4
10659,70,40,$600,$15
10660,20,21,$1701,$81
10661,39,3,$54,$18
10661,58,49,$649.25,$13.25
10662,68,10,$125,$12.5
10663,40,30,$552,$18.4
10663,42,30,$420,$14
10663,51,20,$1060,$53
10664,10,24,$744,$31
10664,56,12,$456,$38
10664,65,15,$315.75,$21.05
10665,51,20,$1060,$53
10665,59,1,$55,$55
10665,76,10,$180,$18
10666,29,36,$4456.44,$123.79
10666,65,10,$210.5,$21.05
10667,69,45,$1620,$36
10667,71,14,$301,$21.5
10668,31,8,$100,$12.5
10668,55,4,$96,$24
10668,64,15,$498.75,$33.25
10669,36,30,$570,$19
10670,23,32,$288,$9
10670,46,60,$720,$12
10670,67,25,$350,$14
10670,73,50,$750,$15
10670,75,25,$193.75,$7.75
10671,16,10,$174.5,$17.45
10671,62,10,$493,$49.3
10671,65,12,$252.6,$21.05
10672,38,15,$3952.5,$263.5
10672,71,12,$258,$21.5
10673,16,3,$52.35,$17.45
10673,42,6,$84,$14
10673,43,6,$276,$46
10674,23,5,$45,$9
10675,14,30,$697.5,$23.25
10675,53,10,$328,$32.8
10675,58,30,$397.5,$13.25
10676,10,2,$62,$31
10676,19,7,$64.4,$9.2
10676,44,21,$408.45,$19.45
10677,26,30,$936.9,$31.23
10677,33,8,$20,$2.5
10678,12,100,$3800,$38
10678,33,30,$75,$2.5
10678,41,120,$1158,$9.65
10678,54,30,$223.5,$7.45
10679,59,12,$660,$55
10680,16,50,$872.5,$17.45
10680,31,20,$250,$12.5
10680,42,40,$560,$14
10681,19,30,$276,$9.2
10681,21,12,$120,$10
10681,64,28,$931,$33.25
10682,33,30,$75,$2.5
10682,66,4,$68,$17
10682,75,30,$232.5,$7.75
10683,52,9,$63,$7
10684,40,20,$368,$18.4
10684,47,40,$380,$9.5
10684,60,30,$1020,$34
10685,10,20,$620,$31
10685,41,4,$38.6,$9.65
10685,47,15,$142.5,$9.5
10686,17,30,$1170,$39
10686,26,15,$468.45,$31.23
10687,9,50,$4850,$97
10687,29,10,$1237.9,$123.79
10687,36,6,$114,$19
10688,10,18,$558,$31
10688,28,60,$2736,$45.6
10688,34,14,$196,$14
10689,1,35,$630,$18
10690,56,20,$760,$38
10690,77,30,$390,$13
10691,1,30,$540,$18
10691,29,40,$4951.6,$123.79
10691,43,40,$1840,$46
10691,44,24,$466.8,$19.45
10691,62,48,$2366.4,$49.3
10692,63,20,$878,$43.9
10693,9,6,$582,$97
10693,54,60,$447,$7.45
10693,69,30,$1080,$36
10693,73,15,$225,$15
10694,7,90,$2700,$30
10694,59,25,$1375,$55
10694,70,50,$750,$15
10695,8,10,$400,$40
10695,12,4,$152,$38
10695,24,20,$90,$4.5
10696,17,20,$780,$39
10696,46,18,$216,$12
10697,19,7,$64.4,$9.2
10697,35,9,$162,$18
10697,58,30,$397.5,$13.25
10697,70,30,$450,$15
10698,11,15,$315,$21
10698,17,8,$312,$39
10698,29,12,$1485.48,$123.79
10698,65,65,$1368.25,$21.05
10698,70,8,$120,$15
10699,47,12,$114,$9.5
10700,1,5,$90,$18
10700,34,12,$168,$14
10700,68,40,$500,$12.5
10700,71,60,$1290,$21.5
10701,59,42,$2310,$55
10701,71,20,$430,$21.5
10701,76,35,$630,$18
10702,3,6,$60,$10
10702,76,15,$270,$18
10703,2,5,$95,$19
10703,59,35,$1925,$55
10703,73,35,$525,$15
10704,4,6,$132,$22
10704,24,35,$157.5,$4.5
10704,48,24,$306,$12.75
10705,31,20,$250,$12.5
10705,32,4,$128,$32
10706,16,20,$349,$17.45
10706,43,24,$1104,$46
10706,59,8,$440,$55
10707,55,21,$504,$24
10707,57,40,$780,$19.5
10707,70,28,$420,$15
10708,5,4,$85.4,$21.35
10708,36,5,$95,$19
10709,8,40,$1600,$40
10709,51,28,$1484,$53
10709,60,10,$340,$34
10710,19,5,$46,$9.2
10710,47,5,$47.5,$9.5
10711,19,12,$110.4,$9.2
10711,41,42,$405.3,$9.65
10711,53,120,$3936,$32.8
10712,53,3,$98.4,$32.8
10712,56,30,$1140,$38
10713,10,18,$558,$31
10713,26,30,$936.9,$31.23
10713,45,110,$1045,$9.5
10713,46,24,$288,$12
10714,2,30,$570,$19
10714,17,27,$1053,$39
10714,47,50,$475,$9.5
10714,56,18,$684,$38
10714,58,12,$159,$13.25
10715,10,21,$651,$31
10715,71,30,$645,$21.5
10716,21,5,$50,$10
10716,51,7,$371,$53
10716,61,10,$285,$28.5
10717,21,32,$320,$10
10717,54,15,$111.75,$7.45
10717,69,25,$900,$36
10718,12,36,$1368,$38
10718,16,20,$349,$17.45
10718,36,40,$760,$19
10718,62,20,$986,$49.3
10719,18,12,$750,$62.5
10719,30,3,$77.67,$25.89
10719,54,40,$298,$7.45
10720,35,21,$378,$18
10720,71,8,$172,$21.5
10721,44,50,$972.5,$19.45
10722,2,3,$57,$19
10722,31,50,$625,$12.5
10722,68,45,$562.5,$12.5
10722,75,42,$325.5,$7.75
10723,26,15,$468.45,$31.23
10724,10,16,$496,$31
10724,61,5,$142.5,$28.5
10725,41,12,$115.8,$9.65
10725,52,4,$28,$7
10725,55,6,$144,$24
10726,4,25,$550,$22
10726,11,5,$105,$21
10727,17,20,$780,$39
10727,56,10,$380,$38
10727,59,10,$550,$55
10728,30,15,$388.35,$25.89
10728,40,6,$110.4,$18.4
10728,55,12,$288,$24
10728,60,15,$510,$34
10729,1,50,$900,$18
10729,21,30,$300,$10
10729,50,40,$650,$16.25
10730,16,15,$261.75,$17.45
10730,31,3,$37.5,$12.5
10730,65,10,$210.5,$21.05
10731,21,40,$400,$10
10731,51,30,$1590,$53
10732,76,20,$360,$18
10733,14,16,$372,$23.25
10733,28,20,$912,$45.6
10733,52,25,$175,$7
10734,6,30,$750,$25
10734,30,15,$388.35,$25.89
10734,76,20,$360,$18
10735,61,20,$570,$28.5
10735,77,2,$26,$13
10736,65,40,$842,$21.05
10736,75,20,$155,$7.75
10737,13,4,$24,$6
10737,41,12,$115.8,$9.65
10738,16,3,$52.35,$17.45
10739,36,6,$114,$19
10739,52,18,$126,$7
10740,28,5,$228,$45.6
10740,35,35,$630,$18
10740,45,40,$380,$9.5
10740,56,14,$532,$38
10741,2,15,$285,$19
10742,3,20,$200,$10
10742,60,50,$1700,$34
10742,72,35,$1218,$34.8
10743,46,28,$336,$12
10744,40,50,$920,$18.4
10745,18,24,$1500,$62.5
10745,44,16,$311.2,$19.45
10745,59,45,$2475,$55
10745,72,7,$243.6,$34.8
10746,13,6,$36,$6
10746,42,28,$392,$14
10746,62,9,$443.7,$49.3
10746,69,40,$1440,$36
10747,31,8,$100,$12.5
10747,41,35,$337.75,$9.65
10747,63,9,$395.1,$43.9
10747,69,30,$1080,$36
10748,23,44,$396,$9
10748,40,40,$736,$18.4
10748,56,28,$1064,$38
10749,56,15,$570,$38
10749,59,6,$330,$55
10749,76,10,$180,$18
10750,14,5,$116.25,$23.25
10750,45,40,$380,$9.5
10750,59,25,$1375,$55
10751,26,12,$374.76,$31.23
10751,30,30,$776.7,$25.89
10751,50,20,$325,$16.25
10751,73,15,$225,$15
10752,1,8,$144,$18
10752,69,3,$108,$36
10753,45,4,$38,$9.5
10753,74,5,$50,$10
10754,40,3,$55.2,$18.4
10755,47,30,$285,$9.5
10755,56,30,$1140,$38
10755,57,14,$273,$19.5
10755,69,25,$900,$36
10756,18,21,$1312.5,$62.5
10756,36,20,$380,$19
10756,68,6,$75,$12.5
10756,69,20,$720,$36
10757,34,30,$420,$14
10757,59,7,$385,$55
10757,62,30,$1479,$49.3
10757,64,24,$798,$33.25
10758,26,20,$624.6,$31.23
10758,52,60,$420,$7
10758,70,40,$600,$15
10759,32,10,$320,$32
10760,25,12,$168,$14
10760,27,40,$1756,$43.9
10760,43,30,$1380,$46
10761,25,35,$490,$14
10761,75,18,$139.5,$7.75
10762,39,16,$288,$18
10762,47,30,$285,$9.5
10762,51,28,$1484,$53
10762,56,60,$2280,$38
10763,21,40,$400,$10
10763,22,6,$126,$21
10763,24,20,$90,$4.5
10764,3,20,$200,$10
10764,39,130,$2340,$18
10765,65,80,$1684,$21.05
10766,2,40,$760,$19
10766,7,35,$1050,$30
10766,68,40,$500,$12.5
10767,42,2,$28,$14
10768,22,4,$84,$21
10768,31,50,$625,$12.5
10768,60,15,$510,$34
10768,71,12,$258,$21.5
10769,41,30,$289.5,$9.65
10769,52,15,$105,$7
10769,61,20,$570,$28.5
10769,62,15,$739.5,$49.3
10770,11,15,$315,$21
10771,71,16,$344,$21.5
10772,29,18,$2228.22,$123.79
10772,59,25,$1375,$55
10773,17,33,$1287,$39
10773,31,70,$875,$12.5
10773,75,7,$54.25,$7.75
10774,31,2,$25,$12.5
10774,66,50,$850,$17
10775,10,6,$186,$31
10775,67,3,$42,$14
10776,31,16,$200,$12.5
10776,42,12,$168,$14
10776,45,27,$256.5,$9.5
10776,51,120,$6360,$53
10777,42,20,$280,$14
10778,41,10,$96.5,$9.65
10779,16,20,$349,$17.45
10779,62,20,$986,$49.3
10780,70,35,$525,$15
10780,77,15,$195,$13
10781,54,3,$22.35,$7.45
10781,56,20,$760,$38
10781,74,35,$350,$10
10782,31,1,$12.5,$12.5
10783,31,10,$125,$12.5
10783,38,5,$1317.5,$263.5
10784,36,30,$570,$19
10784,39,2,$36,$18
10784,72,30,$1044,$34.8
10785,10,10,$310,$31
10785,75,10,$77.5,$7.75
10786,8,30,$1200,$40
10786,30,15,$388.35,$25.89
10786,75,42,$325.5,$7.75
10787,2,15,$285,$19
10787,29,20,$2475.8,$123.79
10788,19,50,$460,$9.2
10788,75,40,$310,$7.75
10789,18,30,$1875,$62.5
10789,35,15,$270,$18
10789,63,30,$1317,$43.9
10789,68,18,$225,$12.5
10790,7,3,$90,$30
10790,56,20,$760,$38
10791,29,14,$1733.06,$123.79
10791,41,20,$193,$9.65
10792,2,10,$190,$19
10792,54,3,$22.35,$7.45
10792,68,15,$187.5,$12.5
10793,41,14,$135.1,$9.65
10793,52,8,$56,$7
10794,14,15,$348.75,$23.25
10794,54,6,$44.7,$7.45
10795,16,65,$1134.25,$17.45
10795,17,35,$1365,$39
10796,26,21,$655.83,$31.23
10796,44,10,$194.5,$19.45
10796,64,35,$1163.75,$33.25
10796,69,24,$864,$36
10797,11,20,$420,$21
10798,62,2,$98.6,$49.3
10798,72,10,$348,$34.8
10799,13,20,$120,$6
10799,24,20,$90,$4.5
10799,59,25,$1375,$55
10800,11,50,$1050,$21
10800,51,10,$530,$53
10800,54,7,$52.15,$7.45
10801,17,40,$1560,$39
10801,29,20,$2475.8,$123.79
10802,30,25,$647.25,$25.89
10802,51,30,$1590,$53
10802,55,60,$1440,$24
10802,62,5,$246.5,$49.3
10803,19,24,$220.8,$9.2
10803,25,15,$210,$14
10803,59,15,$825,$55
10804,10,36,$1116,$31
10804,28,24,$1094.4,$45.6
10804,49,4,$80,$20
10805,34,10,$140,$14
10805,38,10,$2635,$263.5
10806,2,20,$380,$19
10806,65,2,$42.1,$21.05
10806,74,15,$150,$10
10807,40,1,$18.4,$18.4
10808,56,20,$760,$38
10808,76,50,$900,$18
10809,52,20,$140,$7
10810,13,7,$42,$6
10810,25,5,$70,$14
10810,70,5,$75,$15
10811,19,15,$138,$9.2
10811,23,18,$162,$9
10811,40,30,$552,$18.4
10812,31,16,$200,$12.5
10812,72,40,$1392,$34.8
10812,77,20,$260,$13
10813,2,12,$228,$19
10813,46,35,$420,$12
10814,41,20,$193,$9.65
10814,43,20,$920,$46
10814,48,8,$102,$12.75
10814,61,30,$855,$28.5
10815,33,16,$40,$2.5
10816,38,30,$7905,$263.5
10816,62,20,$986,$49.3
10817,26,40,$1249.2,$31.23
10817,38,30,$7905,$263.5
10817,40,60,$1104,$18.4
10817,62,25,$1232.5,$49.3
10818,32,20,$640,$32
10818,41,20,$193,$9.65
10819,43,7,$322,$46
10819,75,20,$155,$7.75
10820,56,30,$1140,$38
10821,35,20,$360,$18
10821,51,6,$318,$53
10822,62,3,$147.9,$49.3
10822,70,6,$90,$15
10823,11,20,$420,$21
10823,57,15,$292.5,$19.5
10823,59,40,$2200,$55
10823,77,15,$195,$13
10824,41,12,$115.8,$9.65
10824,70,9,$135,$15
10825,26,12,$374.76,$31.23
10825,53,20,$656,$32.8
10826,31,35,$437.5,$12.5
10826,57,15,$292.5,$19.5
10827,10,15,$465,$31
10827,39,21,$378,$18
10828,20,5,$405,$81
10828,38,2,$527,$263.5
10829,2,10,$190,$19
10829,8,20,$800,$40
10829,13,10,$60,$6
10829,60,21,$714,$34
10830,6,6,$150,$25
10830,39,28,$504,$18
10830,60,30,$1020,$34
10830,68,24,$300,$12.5
10831,19,2,$18.4,$9.2
10831,35,8,$144,$18
10831,38,8,$2108,$263.5
10831,43,9,$414,$46
10832,13,3,$18,$6
10832,25,10,$140,$14
10832,44,16,$311.2,$19.45
10832,64,3,$99.75,$33.25
10833,7,20,$600,$30
10833,31,9,$112.5,$12.5
10833,53,9,$295.2,$32.8
10834,29,8,$990.32,$123.79
10834,30,20,$517.8,$25.89
10835,59,15,$825,$55
10835,77,2,$26,$13
10836,22,52,$1092,$21
10836,35,6,$108,$18
10836,57,24,$468,$19.5
10836,60,60,$2040,$34
10836,64,30,$997.5,$33.25
10837,13,6,$36,$6
10837,40,25,$460,$18.4
10837,47,40,$380,$9.5
10837,76,21,$378,$18
10838,1,4,$72,$18
10838,18,25,$1562.5,$62.5
10838,36,50,$950,$19
10839,58,30,$397.5,$13.25
10839,72,15,$522,$34.8
10840,25,6,$84,$14
10840,39,10,$180,$18
10841,10,16,$496,$31
10841,56,30,$1140,$38
10841,59,50,$2750,$55
10841,77,15,$195,$13
10842,11,15,$315,$21
10842,43,5,$230,$46
10842,68,20,$250,$12.5
10842,70,12,$180,$15
10843,51,4,$212,$53
10844,22,35,$735,$21
10845,23,70,$630,$9
10845,35,25,$450,$18
10845,42,42,$588,$14
10845,58,60,$795,$13.25
10845,64,48,$1596,$33.25
10846,4,21,$462,$22
10846,70,30,$450,$15
10846,74,20,$200,$10
10847,1,80,$1440,$18
10847,19,12,$110.4,$9.2
10847,37,60,$1560,$26
10847,45,36,$342,$9.5
10847,60,45,$1530,$34
10847,71,55,$1182.5,$21.5
10848,5,30,$640.5,$21.35
10848,9,3,$291,$97
10849,3,49,$490,$10
10849,26,18,$562.14,$31.23
10850,25,20,$280,$14
10850,33,4,$10,$2.5
10850,70,30,$450,$15
10851,2,5,$95,$19
10851,25,10,$140,$14
10851,57,10,$195,$19.5
10851,59,42,$2310,$55
10852,2,15,$285,$19
10852,17,6,$234,$39
10852,62,50,$2465,$49.3
10853,18,10,$625,$62.5
10854,10,100,$3100,$31
10854,13,65,$390,$6
10855,16,50,$872.5,$17.45
10855,31,14,$175,$12.5
10855,56,24,$912,$38
10855,65,15,$315.75,$21.05
10856,2,20,$380,$19
10856,42,20,$280,$14
10857,3,30,$300,$10
10857,26,35,$1093.05,$31.23
10857,29,10,$1237.9,$123.79
10858,7,5,$150,$30
10858,27,10,$439,$43.9
10858,70,4,$60,$15
10859,24,40,$180,$4.5
10859,54,35,$260.75,$7.45
10859,64,30,$997.5,$33.25
10860,51,3,$159,$53
10860,76,20,$360,$18
10861,17,42,$1638,$39
10861,18,20,$1250,$62.5
10861,21,40,$400,$10
10861,33,35,$87.5,$2.5
10861,62,3,$147.9,$49.3
10862,11,25,$525,$21
10862,52,8,$56,$7
10863,1,20,$360,$18
10863,58,12,$159,$13.25
10864,35,4,$72,$18
10864,67,15,$210,$14
10865,38,60,$15810,$263.5
10865,39,80,$1440,$18
10866,2,21,$399,$19
10866,24,6,$27,$4.5
10866,30,40,$1035.6,$25.89
10867,53,3,$98.4,$32.8
10868,26,20,$624.6,$31.23
10868,35,30,$540,$18
10868,49,42,$840,$20
10869,1,40,$720,$18
10869,11,10,$210,$21
10869,23,50,$450,$9
10869,68,20,$250,$12.5
10870,35,3,$54,$18
10870,51,2,$106,$53
10871,6,50,$1250,$25
10871,16,12,$209.4,$17.45
10871,17,16,$624,$39
10872,55,10,$240,$24
10872,62,20,$986,$49.3
10872,64,15,$498.75,$33.25
10872,65,21,$442.05,$21.05
10873,21,20,$200,$10
10873,28,3,$136.8,$45.6
10874,10,10,$310,$31
10875,19,25,$230,$9.2
10875,47,21,$199.5,$9.5
10875,49,15,$300,$20
10876,46,21,$252,$12
10876,64,20,$665,$33.25
10877,16,30,$523.5,$17.45
10877,18,25,$1562.5,$62.5
10878,20,20,$1620,$81
10879,40,12,$220.8,$18.4
10879,65,10,$210.5,$21.05
10879,76,10,$180,$18
10880,23,30,$270,$9
10880,61,30,$855,$28.5
10880,70,50,$750,$15
10881,73,10,$150,$15
10882,42,25,$350,$14
10882,49,20,$400,$20
10882,54,32,$238.4,$7.45
10883,24,8,$36,$4.5
10884,21,40,$400,$10
10884,56,21,$798,$38
10884,65,12,$252.6,$21.05
10885,2,20,$380,$19
10885,24,12,$54,$4.5
10885,70,30,$450,$15
10885,77,25,$325,$13
10886,10,70,$2170,$31
10886,31,35,$437.5,$12.5
10886,77,40,$520,$13
10887,25,5,$70,$14
10888,2,20,$380,$19
10888,68,18,$225,$12.5
10889,11,40,$840,$21
10889,38,40,$10540,$263.5
10890,17,15,$585,$39
10890,34,10,$140,$14
10890,41,14,$135.1,$9.65
10891,30,15,$388.35,$25.89
10892,59,40,$2200,$55
10893,8,30,$1200,$40
10893,24,10,$45,$4.5
10893,29,24,$2970.96,$123.79
10893,30,35,$906.15,$25.89
10893,36,20,$380,$19
10894,13,28,$168,$6
10894,69,50,$1800,$36
10894,75,120,$930,$7.75
10895,24,110,$495,$4.5
10895,39,45,$810,$18
10895,40,91,$1674.4,$18.4
10895,60,100,$3400,$34
10896,45,15,$142.5,$9.5
10896,56,16,$608,$38
10897,29,80,$9903.2,$123.79
10897,30,36,$932.04,$25.89
10898,13,5,$30,$6
10899,39,8,$144,$18
10900,70,3,$45,$15
10901,41,30,$289.5,$9.65
10901,71,30,$645,$21.5
10902,55,30,$720,$24
10902,62,6,$295.8,$49.3
10903,13,40,$240,$6
10903,65,21,$442.05,$21.05
10903,68,20,$250,$12.5
10904,58,15,$198.75,$13.25
10904,62,35,$1725.5,$49.3
10905,1,20,$360,$18
10906,61,15,$427.5,$28.5
10907,75,14,$108.5,$7.75
10908,7,20,$600,$30
10908,52,14,$98,$7
10909,7,12,$360,$30
10909,16,15,$261.75,$17.45
10909,41,5,$48.25,$9.65
10910,19,12,$110.4,$9.2
10910,49,10,$200,$20
10910,61,5,$142.5,$28.5
10911,1,10,$180,$18
10911,17,12,$468,$39
10911,67,15,$210,$14
10912,11,40,$840,$21
10912,29,60,$7427.4,$123.79
10913,4,30,$660,$22
10913,33,40,$100,$2.5
10913,58,15,$198.75,$13.25
10914,71,25,$537.5,$21.5
10915,17,10,$390,$39
10915,33,30,$75,$2.5
10915,54,10,$74.5,$7.45
10916,16,6,$104.7,$17.45
10916,32,6,$192,$32
10916,57,20,$390,$19.5
10917,30,1,$25.89,$25.89
10917,60,10,$340,$34
10918,1,60,$1080,$18
10918,60,25,$850,$34
10919,16,24,$418.8,$17.45
10919,25,24,$336,$14
10919,40,20,$368,$18.4
10920,50,24,$390,$16.25
10921,35,10,$180,$18
10921,63,40,$1756,$43.9
10922,17,15,$585,$39
10922,24,35,$157.5,$4.5
10923,42,10,$140,$14
10923,43,10,$460,$46
10923,67,24,$336,$14
10924,10,20,$620,$31
10924,28,30,$1368,$45.6
10924,75,6,$46.5,$7.75
10925,36,25,$475,$19
10925,52,12,$84,$7
10926,11,2,$42,$21
10926,13,10,$60,$6
10926,19,7,$64.4,$9.2
10926,72,10,$348,$34.8
10927,20,5,$405,$81
10927,52,5,$35,$7
10927,76,20,$360,$18
10928,47,5,$47.5,$9.5
10928,76,5,$90,$18
10929,21,60,$600,$10
10929,75,49,$379.75,$7.75
10929,77,15,$195,$13
10930,21,36,$360,$10
10930,27,25,$1097.5,$43.9
10930,55,25,$600,$24
10930,58,30,$397.5,$13.25
10931,13,42,$252,$6
10931,57,30,$585,$19.5
10932,16,30,$523.5,$17.45
10932,62,14,$690.2,$49.3
10932,72,16,$556.8,$34.8
10932,75,20,$155,$7.75
10933,53,2,$65.6,$32.8
10933,61,30,$855,$28.5
10934,6,20,$500,$25
10935,1,21,$378,$18
10935,18,4,$250,$62.5
10935,23,8,$72,$9
10936,36,30,$570,$19
10937,28,8,$364.8,$45.6
10937,34,20,$280,$14
10938,13,20,$120,$6
10938,43,24,$1104,$46
10938,60,49,$1666,$34
10938,71,35,$752.5,$21.5
10939,2,10,$190,$19
10939,67,40,$560,$14
10940,7,8,$240,$30
10940,13,20,$120,$6
10941,31,44,$550,$12.5
10941,62,30,$1479,$49.3
10941,68,80,$1000,$12.5
10941,72,50,$1740,$34.8
10942,49,28,$560,$20
10943,13,15,$90,$6
10943,22,21,$441,$21
10943,46,15,$180,$12
10944,11,5,$105,$21
10944,44,18,$350.1,$19.45
10944,56,18,$684,$38
10945,13,20,$120,$6
10945,31,10,$125,$12.5
10946,10,25,$775,$31
10946,24,25,$112.5,$4.5
10946,77,40,$520,$13
10947,59,4,$220,$55
10948,50,9,$146.25,$16.25
10948,51,40,$2120,$53
10948,55,4,$96,$24
10949,6,12,$300,$25
10949,10,30,$930,$31
10949,17,6,$234,$39
10949,62,60,$2958,$49.3
10950,4,5,$110,$22
10951,33,15,$37.5,$2.5
10951,41,6,$57.9,$9.65
10951,75,50,$387.5,$7.75
10952,6,16,$400,$25
10952,28,2,$91.2,$45.6
10953,20,50,$4050,$81
10953,31,50,$625,$12.5
10954,16,28,$488.6,$17.45
10954,31,25,$312.5,$12.5
10954,45,30,$285,$9.5
10954,60,24,$816,$34
10955,75,12,$93,$7.75
10956,21,12,$120,$10
10956,47,14,$133,$9.5
10956,51,8,$424,$53
10957,30,30,$776.7,$25.89
10957,35,40,$720,$18
10957,64,8,$266,$33.25
10958,5,20,$427,$21.35
10958,7,6,$180,$30
10958,72,5,$174,$34.8
10959,75,20,$155,$7.75
10960,24,10,$45,$4.5
10960,41,24,$231.6,$9.65
10961,52,6,$42,$7
10961,76,60,$1080,$18
10962,7,45,$1350,$30
10962,13,77,$462,$6
10962,53,20,$656,$32.8
10962,69,9,$324,$36
10962,76,44,$792,$18
10963,60,2,$68,$34
10964,18,6,$375,$62.5
10964,38,5,$1317.5,$263.5
10964,69,10,$360,$36
10965,51,16,$848,$53
10966,37,8,$208,$26
10966,56,12,$456,$38
10966,62,12,$591.6,$49.3
10967,19,12,$110.4,$9.2
10967,49,40,$800,$20
10968,12,30,$1140,$38
10968,24,30,$135,$4.5
10968,64,4,$133,$33.25
10969,46,9,$108,$12
10970,52,40,$280,$7
10971,29,14,$1733.06,$123.79
10972,17,6,$234,$39
10972,33,7,$17.5,$2.5
10973,26,5,$156.15,$31.23
10973,41,6,$57.9,$9.65
10973,75,10,$77.5,$7.75
10974,63,10,$439,$43.9
10975,8,16,$640,$40
10975,75,10,$77.5,$7.75
10976,28,20,$912,$45.6
10977,39,30,$540,$18
10977,47,30,$285,$9.5
10977,51,10,$530,$53
10977,63,20,$878,$43.9
10978,8,20,$800,$40
10978,21,40,$400,$10
10978,40,10,$184,$18.4
10978,44,6,$116.7,$19.45
10979,7,18,$540,$30
10979,12,20,$760,$38
10979,24,80,$360,$4.5
10979,27,30,$1317,$43.9
10979,31,24,$300,$12.5
10979,63,35,$1536.5,$43.9
10980,75,40,$310,$7.75
10981,38,60,$15810,$263.5
10982,7,20,$600,$30
10982,43,9,$414,$46
10983,13,84,$504,$6
10983,57,15,$292.5,$19.5
10984,16,55,$959.75,$17.45
10984,24,20,$90,$4.5
10984,36,40,$760,$19
10985,16,36,$628.2,$17.45
10985,18,8,$500,$62.5
10985,32,35,$1120,$32
10986,11,30,$630,$21
10986,20,15,$1215,$81
10986,76,10,$180,$18
10986,77,15,$195,$13
10987,7,60,$1800,$30
10987,43,6,$276,$46
10987,72,20,$696,$34.8
10988,7,60,$1800,$30
10988,62,40,$1972,$49.3
10989,6,40,$1000,$25
10989,11,15,$315,$21
10989,41,4,$38.6,$9.65
10990,21,65,$650,$10
10990,34,60,$840,$14
10990,55,65,$1560,$24
10990,61,66,$1881,$28.5
10991,2,50,$950,$19
10991,70,20,$300,$15
10991,76,90,$1620,$18
10992,72,2,$69.6,$34.8
10993,29,50,$6189.5,$123.79
10993,41,35,$337.75,$9.65
10994,59,18,$990,$55
10995,51,20,$1060,$53
10995,60,4,$136,$34
10996,42,40,$560,$14
10997,32,50,$1600,$32
10997,46,20,$240,$12
10997,52,20,$140,$7
10998,24,12,$54,$4.5
10998,61,7,$199.5,$28.5
10998,74,20,$200,$10
10998,75,30,$232.5,$7.75
10999,41,20,$193,$9.65
10999,51,15,$795,$53
10999,77,21,$273,$13
11000,4,25,$550,$22
11000,24,30,$135,$4.5
11000,77,30,$390,$13
11001,7,60,$1800,$30
11001,22,25,$525,$21
11001,46,25,$300,$12
11001,55,6,$144,$24
11002,13,56,$336,$6
11002,35,15,$270,$18
11002,42,24,$336,$14
11002,55,40,$960,$24
11003,1,4,$72,$18
11003,40,10,$184,$18.4
11003,52,10,$70,$7
11004,26,6,$187.38,$31.23
11004,76,6,$108,$18
11005,1,2,$36,$18
11005,59,10,$550,$55
11006,1,8,$144,$18
11006,29,2,$247.58,$123.79
11007,8,30,$1200,$40
11007,29,10,$1237.9,$123.79
11007,42,14,$196,$14
11008,28,70,$3192,$45.6
11008,34,90,$1260,$14
11008,71,21,$451.5,$21.5
11009,24,12,$54,$4.5
11009,36,18,$342,$19
11009,60,9,$306,$34
11010,7,20,$600,$30
11010,24,10,$45,$4.5
11011,58,40,$530,$13.25
11011,71,20,$430,$21.5
11012,19,50,$460,$9.2
11012,60,36,$1224,$34
11012,71,60,$1290,$21.5
11013,23,10,$90,$9
11013,42,4,$56,$14
11013,45,20,$190,$9.5
11013,68,2,$25,$12.5
11014,41,28,$270.2,$9.65
11015,30,15,$388.35,$25.89
11015,77,18,$234,$13
11016,31,15,$187.5,$12.5
11016,36,16,$304,$19
11017,3,25,$250,$10
11017,59,110,$6050,$55
11017,70,30,$450,$15
11018,12,20,$760,$38
11018,18,10,$625,$62.5
11018,56,5,$190,$38
11019,46,3,$36,$12
11019,49,2,$40,$20
11020,10,24,$744,$31
11021,2,11,$209,$19
11021,20,15,$1215,$81
11021,26,63,$1967.49,$31.23
11021,51,44,$2332,$53
11021,72,35,$1218,$34.8
11022,19,35,$322,$9.2
11022,69,30,$1080,$36
11023,7,4,$120,$30
11023,43,30,$1380,$46
11024,26,12,$374.76,$31.23
11024,33,30,$75,$2.5
11024,65,21,$442.05,$21.05
11024,71,50,$1075,$21.5
11025,1,10,$180,$18
11025,13,20,$120,$6
11026,18,8,$500,$62.5
11026,51,10,$530,$53
11027,24,30,$135,$4.5
11027,62,21,$1035.3,$49.3
11028,55,35,$840,$24
11028,59,24,$1320,$55
11029,56,20,$760,$38
11029,63,12,$526.8,$43.9
11030,2,100,$1900,$19
11030,5,70,$1494.5,$21.35
11030,29,60,$7427.4,$123.79
11030,59,100,$5500,$55
11031,1,45,$810,$18
11031,13,80,$480,$6
11031,24,21,$94.5,$4.5
11031,64,20,$665,$33.25
11031,71,16,$344,$21.5
11032,36,35,$665,$19
11032,38,25,$6587.5,$263.5
11032,59,30,$1650,$55
11033,53,70,$2296,$32.8
11033,69,36,$1296,$36
11034,21,15,$150,$10
11034,44,12,$233.4,$19.45
11034,61,6,$171,$28.5
11035,1,10,$180,$18
11035,35,60,$1080,$18
11035,42,30,$420,$14
11035,54,10,$74.5,$7.45
11036,13,7,$42,$6
11036,59,30,$1650,$55
11037,70,4,$60,$15
11038,40,5,$92,$18.4
11038,52,2,$14,$7
11038,71,30,$645,$21.5
11039,28,20,$912,$45.6
11039,35,24,$432,$18
11039,49,60,$1200,$20
11039,57,28,$546,$19.5
11040,21,20,$200,$10
11041,2,30,$570,$19
11041,63,30,$1317,$43.9
11042,44,15,$291.75,$19.45
11042,61,4,$114,$28.5
11043,11,10,$210,$21
11044,62,12,$591.6,$49.3
11045,33,15,$37.5,$2.5
11045,51,24,$1272,$53
11046,12,20,$760,$38
11046,32,15,$480,$32
11046,35,18,$324,$18
11047,1,25,$450,$18
11047,5,30,$640.5,$21.35
11048,68,42,$525,$12.5
11049,2,10,$190,$19
11049,12,4,$152,$38
11050,76,50,$900,$18
11051,24,10,$45,$4.5
11052,43,30,$1380,$46
11052,61,10,$285,$28.5
11053,18,35,$2187.5,$62.5
11053,32,20,$640,$32
11053,64,25,$831.25,$33.25
11054,33,10,$25,$2.5
11054,67,20,$280,$14
11055,24,15,$67.5,$4.5
11055,25,15,$210,$14
11055,51,20,$1060,$53
11055,57,20,$390,$19.5
11056,7,40,$1200,$30
11056,55,35,$840,$24
11056,60,50,$1700,$34
11057,70,3,$45,$15
11058,21,3,$30,$10
11058,60,21,$714,$34
11058,61,4,$114,$28.5
11059,13,30,$180,$6
11059,17,12,$468,$39
11059,60,35,$1190,$34
11060,60,4,$136,$34
11060,77,10,$130,$13
11061,60,15,$510,$34
11062,53,10,$328,$32.8
11062,70,12,$180,$15
11063,34,30,$420,$14
11063,40,40,$736,$18.4
11063,41,30,$289.5,$9.65
11064,17,77,$3003,$39
11064,41,12,$115.8,$9.65
11064,53,25,$820,$32.8
11064,55,4,$96,$24
11064,68,55,$687.5,$12.5
11065,30,4,$103.56,$25.89
11065,54,20,$149,$7.45
11066,16,3,$52.35,$17.45
11066,19,42,$386.4,$9.2
11066,34,35,$490,$14
11067,41,9,$86.85,$9.65
11068,28,8,$364.8,$45.6
11068,43,36,$1656,$46
11068,77,28,$364,$13
11069,39,20,$360,$18
11070,1,40,$720,$18
11070,2,20,$380,$19
11070,16,30,$523.5,$17.45
11070,31,20,$250,$12.5
11071,7,15,$450,$30
11071,13,10,$60,$6
11072,2,8,$152,$19
11072,41,40,$386,$9.65
11072,50,22,$357.5,$16.25
11072,64,130,$4322.5,$33.25
11073,11,10,$210,$21
11073,24,20,$90,$4.5
11074,16,14,$244.3,$17.45
11075,2,10,$190,$19
11075,46,30,$360,$12
11075,76,2,$36,$18
11076,6,20,$500,$25
11076,14,20,$465,$23.25
11076,19,10,$92,$9.2
11077,2,24,$456,$19
11077,3,4,$40,$10
11077,4,1,$22,$22
11077,6,1,$25,$25
11077,7,1,$30,$30
11077,8,2,$80,$40
11077,10,1,$31,$31
11077,12,2,$76,$38
11077,13,4,$24,$6
11077,14,1,$23.25,$23.25
11077,16,2,$34.9,$17.45
11077,20,1,$81,$81
11077,23,2,$18,$9
11077,32,1,$32,$32
11077,39,2,$36,$18
11077,41,3,$28.95,$9.65
11077,46,3,$36,$12
11077,52,2,$14,$7
11077,55,2,$48,$24
11077,60,2,$68,$34
11077,64,2,$66.5,$33.25
11077,66,1,$17,$17
11077,73,2,$30,$15
11077,75,4,$31,$7.75
11077,77,2,$26,$13
